question;source;answer;score;comment
когда образовалась кафедра?;https://kpfu.ru/math/strctre/mech/fluid;"Согласно информации с официальной страницы кафедры аэрогидромеханики КФУ, **кафедра образовалась в середине 1930-х годов**.

**Источник:** [Кафедра аэрогидромеханики](https://kpfu.ru/math/strctre/mech/fluid)";y;Ответ точно соответствует информации в документе: кафедра образовалась в середине 1930-х годов.
кто работает на кафедре?;https://kpfu.ru/math/strctre/mech/fluid;"Отлично! Теперь у меня есть полная информация о сотрудниках кафедры. На основе найденных документов могу предоставить следующий ответ:

## Сотрудники кафедры аэрогидромеханики КФУ

Согласно информации с официального сайта кафедры, в настоящее время на кафедре аэрогидромеханики работают следующие сотрудники:

### Доктора наук:
1. **Губайдуллин Дамир Анварович** - профессор, член-корреспондент РАН
2. **Зарипов Динар Ильясович** - доцент, доктор физико-математических наук
3. **Маклаков Дмитрий Владимирович** - профессор, доктор физико-математических наук
4. **Нуриев Артем Наилевич** - профессор, доктор физико-математических наук
5. **Поташев Константин Андреевич** - заведующий кафедрой, доцент, доктор физико-математических наук

### Другие преподаватели и сотрудники:
6. **Калинин Евгений Игоревич** - доцент, кандидат физико-математических наук
7. **Камалутдинов Айрат Марсович** - доцент, кандидат физико-математических наук
8. **Марданов Ренат Фаритович** - доцент, кандидат физико-математических наук
9. **Филатов Евгений Иванович** - доцент, кандидат физико-математических наук
10. **Салимьянова Дилара Радиковна** - ассистент

### Исторические сведения о руководстве:
- С 2004 по 2018 годы кафедрой заведовал профессор **А.Г. Егоров**
- С 2001 по 2003 годы кафедрой заведовал профессор **А.В. Костерин**
- С 1993 по 2001 годы кафедрой заведовал профессор **В.В. Клоков**

**Источники:**
- Основная информация о сотрудниках: https://kpfu.ru/math/strctre/mech/fluid
- График консультаций с перечнем преподавателей: https://kpfu.ru/math/strctre/mech/fluid/grafik-konsultacij
- Историческая информация: https://kpfu.ru/math/strctre/mech/fluid/istoriya-kafedry

На кафедре также работают аспиранты и привлекаются студенты к научно-исследовательской работе. Кафедра обеспечивает преподавание курсов по гидродинамике, вычислительной гидродинамике, подземной гидромеханике и гидромеханике многофазных сред.";n;В ответе перечислены дополнительные сотрудники, которых нет в эталонном документе (Калинин, Камалутдинов, Филатов, Салимьянова), а также исторические сведения, не относящиеся к текущему составу.
на какие направления разделяется кафедра?;https://kpfu.ru/math/strctre/mech/fluid;"

Согласно информации с официальной страницы кафедры аэрогидромеханики КФУ, научная тематика кафедры разделяется на следующие основные направления:

1. **Гидродинамика вязкой и идеальной жидкости**
2. **Вычислительная гидродинамика** (CFD - Computational Fluid Dynamics)
3. **Подземная гидромеханика**
4. **Гидромеханика многофазных сред**

В магистратуре кафедра предлагает два специализированных трека (направления подготовки):
- **""Механика жидкости, газа и плазмы""** (CFD и аэрогидромеханика)
- **""Механика нефтяного и газового пласта""** (механика пласта и многофазная фильтрация)

**Источник:** [Официальная страница кафедры аэрогидромеханики КФУ](https://kpfu.ru/math/strctre/mech/fluid)";y;Ответ содержит точный перечень направлений научной тематики кафедры, полностью соответствующий эталонному документу, и корректно упоминает программы магистратуры.
